{
    "acados_include_path": "/home/fer/acados/include",
    "acados_lib_path": "/home/fer/acados/lib",
    "code_export_directory": "/home/fer/dual_ws/src/dual_quaternion/scripts/MPC_schemes/MPC_Clasical_dynamics_Regulation/c_generated_code",
    "constraints": {
        "C": [],
        "C_e": [],
        "D": [],
        "constr_type": "BGH",
        "constr_type_e": "BGH",
        "idxbu": [
            0,
            1,
            2,
            3
        ],
        "idxbx": [],
        "idxbx_0": [
            0,
            1,
            2,
            3,
            4,
            5,
            6,
            7,
            8,
            9,
            10,
            11,
            12
        ],
        "idxbx_e": [],
        "idxbxe_0": [
            0,
            1,
            2,
            3,
            4,
            5,
            6,
            7,
            8,
            9,
            10,
            11,
            12
        ],
        "idxsbu": [],
        "idxsbx": [],
        "idxsbx_e": [],
        "idxsg": [],
        "idxsg_e": [],
        "idxsh": [
            0
        ],
        "idxsh_e": [],
        "idxsphi": [],
        "idxsphi_e": [],
        "lbu": [
            0.0,
            -0.1,
            -0.1,
            -0.1
        ],
        "lbx": [],
        "lbx_0": [
            3.8842462620859095,
            -2.7954933130155704,
            -2.9911664386600227,
            0.0,
            0.0,
            0.0,
            -0.7929136934105379,
            -0.15611389160772293,
            -0.20825175934647175,
            -0.5509514791506152,
            0.0,
            0.0,
            0.0
        ],
        "lbx_e": [],
        "lg": [],
        "lg_e": [],
        "lh": [
            1.0
        ],
        "lh_e": [],
        "lphi": [],
        "lphi_e": [],
        "lsbu": [],
        "lsbx": [],
        "lsbx_e": [],
        "lsg": [],
        "lsg_e": [],
        "lsh": [
            0.0
        ],
        "lsh_e": [],
        "lsphi": [],
        "lsphi_e": [],
        "ubu": [
            29.8,
            0.1,
            0.1,
            0.1
        ],
        "ubx": [],
        "ubx_0": [
            3.8842462620859095,
            -2.7954933130155704,
            -2.9911664386600227,
            0.0,
            0.0,
            0.0,
            -0.7929136934105379,
            -0.15611389160772293,
            -0.20825175934647175,
            -0.5509514791506152,
            0.0,
            0.0,
            0.0
        ],
        "ubx_e": [],
        "ug": [],
        "ug_e": [],
        "uh": [
            1.0
        ],
        "uh_e": [],
        "uphi": [],
        "uphi_e": [],
        "usbu": [],
        "usbx": [],
        "usbx_e": [],
        "usg": [],
        "usg_e": [],
        "ush": [
            0.0
        ],
        "ush_e": [],
        "usphi": [],
        "usphi_e": []
    },
    "cost": {
        "Vu": [],
        "Vu_0": [],
        "Vx": [],
        "Vx_0": [],
        "Vx_e": [],
        "Vz": [],
        "Vz_0": [],
        "W": [],
        "W_0": [],
        "W_e": [],
        "Zl": [
            100.0
        ],
        "Zl_e": [],
        "Zu": [
            100.0
        ],
        "Zu_e": [],
        "cost_ext_fun_type": "casadi",
        "cost_ext_fun_type_0": "casadi",
        "cost_ext_fun_type_e": "casadi",
        "cost_type": "EXTERNAL",
        "cost_type_0": "EXTERNAL",
        "cost_type_e": "EXTERNAL",
        "yref": [],
        "yref_0": [],
        "yref_e": [],
        "zl": [
            100.0
        ],
        "zl_e": [],
        "zu": [
            100.0
        ],
        "zu_e": []
    },
    "cython_include_dirs": [
        "/home/fer/miniconda3/envs/py3-learning/lib/python3.8/site-packages/numpy/core/include",
        "/home/fer/miniconda3/envs/py3-learning/include/python3.8"
    ],
    "dims": {
        "N": 18,
        "nbu": 4,
        "nbx": 0,
        "nbx_0": 13,
        "nbx_e": 0,
        "nbxe_0": 13,
        "ng": 0,
        "ng_e": 0,
        "nh": 1,
        "nh_e": 0,
        "np": 17,
        "nphi": 0,
        "nphi_e": 0,
        "nr": 0,
        "nr_e": 0,
        "ns": 1,
        "ns_e": 0,
        "nsbu": 0,
        "nsbx": 0,
        "nsbx_e": 0,
        "nsg": 0,
        "nsg_e": 0,
        "nsh": 1,
        "nsh_e": 0,
        "nsphi": 0,
        "nsphi_e": 0,
        "nu": 4,
        "nx": 13,
        "ny": 0,
        "ny_0": 0,
        "ny_e": 0,
        "nz": 0
    },
    "json_file": "acados_ocp_quadrotor.json",
    "model": {
        "con_h_expr": "||vertcat(x, y, z, vx, vy, vz, qw, q1, q2, q3, wx, wy, wz)[6:10]||_F",
        "con_h_expr_e": null,
        "con_phi_expr": null,
        "con_phi_expr_e": null,
        "con_r_expr": null,
        "con_r_expr_e": null,
        "con_r_in_phi": null,
        "con_r_in_phi_e": null,
        "cost_conl_custom_outer_hess": null,
        "cost_conl_custom_outer_hess_0": null,
        "cost_conl_custom_outer_hess_e": null,
        "cost_expr_ext_cost": "@1=vertcat(x_d, y_d, z_d, vx_d, vy_d, vz_d, qw_d, q1_d, q2_d, q3_d, wx_d, wy_d, wz_d, F_d, T1_d, T2_d, T3_d), @2=(@1[:3]-vertcat(x, y, z, vx, vy, vz, qw, q1, q2, q3, wx, wy, wz)[:3]), @3=(@1[13:17]-vertcat(F_ref, tau_1_ref, tau_2_ref, tau_3_ref)), @4=((((qw_d*qw)+(q1_d*q1))+(q2_d*q2))+(q3_d*q3)), @5=((((qw_d*q1)-(q1_d*qw))+(q3_d*q2))-(q2_d*q3)), @6=((((-(q2_d*qw))-(q3_d*q1))+(qw_d*q2))+(q1_d*q3)), @7=((((q2_d*q1)-(q3_d*qw))-(q1_d*q2))+(qw_d*q3)), @8=(vertcat(((@4*@5)-(@6*@7)), ((@4*@6)+(@5*@7)), @7)/sqrt((0.001+(sq(@4)+sq(@7))))), ((mac(mac(@2',(((zeros(3x3)[0] = 4.5)[4] = 4.5)[8] = 4.5),zeros(1x3)),@2,0)+mac(mac(@3',((((zeros(4x4)[0] = 0.671141)[5] = 600)[10] = 600)[15] = 600),zeros(1x4)),@3,0))+mac(mac(@8',(((zeros(3x3)[0] = 6.5)[4] = 6.5)[8] = 6.5),zeros(1x3)),@8,0))",
        "cost_expr_ext_cost_0": "@1=vertcat(x_d, y_d, z_d, vx_d, vy_d, vz_d, qw_d, q1_d, q2_d, q3_d, wx_d, wy_d, wz_d, F_d, T1_d, T2_d, T3_d), @2=(@1[:3]-vertcat(x, y, z, vx, vy, vz, qw, q1, q2, q3, wx, wy, wz)[:3]), @3=(@1[13:17]-vertcat(F_ref, tau_1_ref, tau_2_ref, tau_3_ref)), @4=((((qw_d*qw)+(q1_d*q1))+(q2_d*q2))+(q3_d*q3)), @5=((((qw_d*q1)-(q1_d*qw))+(q3_d*q2))-(q2_d*q3)), @6=((((-(q2_d*qw))-(q3_d*q1))+(qw_d*q2))+(q1_d*q3)), @7=((((q2_d*q1)-(q3_d*qw))-(q1_d*q2))+(qw_d*q3)), @8=(vertcat(((@4*@5)-(@6*@7)), ((@4*@6)+(@5*@7)), @7)/sqrt((0.001+(sq(@4)+sq(@7))))), ((mac(mac(@2',(((zeros(3x3)[0] = 4.5)[4] = 4.5)[8] = 4.5),zeros(1x3)),@2,0)+mac(mac(@3',((((zeros(4x4)[0] = 0.671141)[5] = 600)[10] = 600)[15] = 600),zeros(1x4)),@3,0))+mac(mac(@8',(((zeros(3x3)[0] = 6.5)[4] = 6.5)[8] = 6.5),zeros(1x3)),@8,0))",
        "cost_expr_ext_cost_custom_hess": null,
        "cost_expr_ext_cost_custom_hess_0": null,
        "cost_expr_ext_cost_custom_hess_e": null,
        "cost_expr_ext_cost_e": "@1=(vertcat(x_d, y_d, z_d, vx_d, vy_d, vz_d, qw_d, q1_d, q2_d, q3_d, wx_d, wy_d, wz_d, F_d, T1_d, T2_d, T3_d)[:3]-vertcat(x, y, z, vx, vy, vz, qw, q1, q2, q3, wx, wy, wz)[:3]), @2=((((qw_d*qw)+(q1_d*q1))+(q2_d*q2))+(q3_d*q3)), @3=((((qw_d*q1)-(q1_d*qw))+(q3_d*q2))-(q2_d*q3)), @4=((((-(q2_d*qw))-(q3_d*q1))+(qw_d*q2))+(q1_d*q3)), @5=((((q2_d*q1)-(q3_d*qw))-(q1_d*q2))+(qw_d*q3)), @6=(vertcat(((@2*@3)-(@4*@5)), ((@2*@4)+(@3*@5)), @5)/sqrt((0.001+(sq(@2)+sq(@5))))), (mac(mac(@1',(((zeros(3x3)[0] = 4.5)[4] = 4.5)[8] = 4.5),zeros(1x3)),@1,0)+mac(mac(@6',(((zeros(3x3)[0] = 6.5)[4] = 6.5)[8] = 6.5),zeros(1x3)),@6,0))",
        "cost_psi_expr": null,
        "cost_psi_expr_0": null,
        "cost_psi_expr_e": null,
        "cost_r_in_psi_expr": null,
        "cost_r_in_psi_expr_0": null,
        "cost_r_in_psi_expr_e": null,
        "cost_y_expr": null,
        "cost_y_expr_0": null,
        "cost_y_expr_e": null,
        "disc_dyn_expr": null,
        "dyn_disc_fun": null,
        "dyn_disc_fun_jac": null,
        "dyn_disc_fun_jac_hess": null,
        "dyn_ext_fun_type": "casadi",
        "dyn_generic_source": null,